{"cameraMode":{"drawMode":0,"name":"Shaded","section":"Shading Mode"},"sceneLighting":true,"audioPlay":false,"sceneViewState":{"m_AlwaysRefresh":false,"showFog":true,"showSkybox":true,"showFlares":true,"showImageEffects":true,"showParticleSystems":true,"showVisualEffectGraphs":true,"m_FxEnabled":true},"in2DMode":false,"pivot":{"x":365.0845642089844,"y":72.9710693359375,"z":276.83660888671877},"rotation":{"x":-0.28144073486328127,"y":-0.009502695873379708,"z":0.0027872188948094846,"w":-0.9595273733139038},"size":478.26287841796877,"orthographic":false}