{"cameraMode":{"drawMode":0,"name":"Shaded","section":"Shading Mode"},"sceneLighting":true,"audioPlay":false,"sceneViewState":{"m_AlwaysRefresh":false,"showFog":true,"showSkybox":true,"showFlares":true,"showImageEffects":true,"showParticleSystems":true,"showVisualEffectGraphs":true,"m_FxEnabled":true},"in2DMode":false,"pivot":{"x":429.1915588378906,"y":169.2436065673828,"z":63.70550537109375},"rotation":{"x":-0.2626912593841553,"y":-0.000871115829795599,"z":0.00023750167747493833,"w":-0.9648834466934204},"size":288.399169921875,"orthographic":true}