{"cameraMode":{"drawMode":0,"name":"Shaded","section":"Shading Mode"},"sceneLighting":true,"audioPlay":false,"sceneViewState":{"m_AlwaysRefresh":false,"showFog":true,"showSkybox":true,"showFlares":true,"showImageEffects":true,"showParticleSystems":true,"showVisualEffectGraphs":true,"m_FxEnabled":true},"in2DMode":false,"pivot":{"x":353.5877380371094,"y":391.2806091308594,"z":-126.89335632324219},"rotation":{"x":-0.056950632482767108,"y":0.0278718713670969,"z":-0.001534588634967804,"w":-0.9980319142341614},"size":165.5542449951172,"orthographic":true}